﻿Společnost;logo;Typ;Fond;2017 (%);2018 (%);2019 (%);2020 (%);2021 (%);2022 (%);2023 (%);Průměr;Hotovost;Státní dluhopisy ČR;Ostatní dluhopisy;Akcie;Ostatní;Poplatek z objemu;Poplatek ze zisku;TER
ALLIANZ PS;allianz_logo.png;Konzervativni;PKF;-1,63;0,3;2,24;1,2;-1,7;3,39;7,16;1,57;37,1;62,9;0;0;0;0,40%;10%;0,50%
ALLIANZ PS;allianz_logo.png;Vyvazeny;Vyvážený ÚF;-0,72;-3,62;9,95;4,55;2,12;-4,6;11,45;2,73;14,59;27,08;5,9;52,37;0,06;1%;15%;1,54%
ALLIANZ PS;allianz_logo.png;Dynamicky;Dynamický ÚF;4,07;-6,86;15,77;7,56;10,68;-9,97;16;5,32;9,33;1,69;4,01;84,14;0,83;1%;15%;1,90%
ALLIANZ PS;allianz_logo.png;Transformovany;Transformovaný fond;0,41;0,68;0,94;0,66;0,89;1,69;2,55;1,12;5,69;82,81;11,5;0;0;0,80%;10%;0,92%
UNIQA PS;uniqa_logo.png;Konzervativni;PKF;-1,38;-0,84;1,2;0,64;-2,58;2,48;7,4;0,99;37,56;60,31;2,13;0;0;0,40%;10%;0,50%
UNIQA PS;uniqa_logo.png;Vyvazeny;Dluhopisový ÚF;-1,33;-0,91;1,38;1,65;-3,1;-1,27;7,4;0,55;6,41;72,48;20,92;0;0,19;1%;15%;1,54%
UNIQA PS;uniqa_logo.png;Vyvazeny;Vyvážený ÚF;-0,1;-4,24;11,17;5,19;6,52;-9,31;15,15;3,48;7,03;35,62;12,45;44,56;0,34;1%;15%;1,54%
UNIQA PS;uniqa_logo.png;Dynamicky;Akciový ÚF;;;;14,41;24,46;-21,05;28,92;11,69;2,27;0;0;97,71;0,02;1%;15%;1,90%
UNIQA PS;uniqa_logo.png;Transformovany;Transformovaný fond;0,76;0,92;1,26;0,89;0,51;1,43;1,44;1,03;4,3;88,21;3,71;0;3,78;0,80%;10%;0,92%
CONSEQ PS;conseq_logo.png;Konzervativni;PKF;-0,96;-0,98;1,47;0,42;-0,25;4,2;6,83;1,53;30,8;64,34;4,58;0;0,28;0,40%;10%;0,50%
CONSEQ PS;conseq_logo.png;Vyvazeny;Dluhopisový ÚF;-1,04;-0,09;4,84;1,23;2,02;3,09;8,47;2,65;10,02;36,46;52,63;0;0,89;1%;15%;1,54%
CONSEQ PS;conseq_logo.png;Dynamicky;Globální akciový ÚF;9,96;-9,69;18,96;-3,92;23,4;-13,06;21,94;6,8;3,69;0;7,75;87,27;1,29;1%;15%;1,90%
CONSEQ PS;conseq_logo.png;Vyvazeny;Target Bond;;;;;;5,56;9,76;7,66;8,93;83,9;7,12;0;0,05;1%;15%;1,54%
CONSEQ PS;conseq_logo.png;Transformovany;Transformovaný fond;0,16;0,58;1,5;0,38;0,69;4,4;5,6;1,9;38,6;40,37;15,66;1,95;3,42;0,80%;10%;0,92%
ČS PS;ceska_sporitelna_logo.png;Konzervativni;PKF;-0,62;0,19;2,59;1,02;-4,16;-1,82;10,22;1,06;21,5;77,6;0,78;0;0,12;0,40%;10%;0,50%
ČS PS;ceska_sporitelna_logo.png;Vyvazeny;Vyvážený ÚF;3,72;-3,12;10,42;4,64;4,62;-4,31;15,47;4,49;16,19;28,85;9,89;39,84;5,23;1%;15%;1,54%
ČS PS;ceska_sporitelna_logo.png;Dynamicky;Dynamický ÚF;8,22;-6,08;18,75;6,14;12,99;-4,81;19,29;7,79;24,7;1,21;1,73;67,82;4,54;1%;15%;1,90%
ČS PS;ceska_sporitelna_logo.png;Vyvazeny;Etický ÚF;;;6,15;3,9;-1,93;-2,56;8,98;2,91;29,12;39,77;7,18;12,96;10,97;1%;10%;1,37%
ČS PS;ceska_sporitelna_logo.png;Transformovany;Transformovaný fond;0,51;0,51;1,69;1;0,98;2,19;2,95;1,4;2,5;82,21;15,2;0;0,09;0,80%;10%;0,92%
ČSOB PS;csob_logo.png;Konzervativni;PKF;-0,94;-0,83;1,8;1,54;-4,23;2,07;9,42;1,26;4,16;0;95,77;0;0,07;0,40%;10%;0,50%
ČSOB PS;csob_logo.png;Vyvazeny;Vyvážený ÚF;2,63;-6,33;13,51;4,21;7,62;-8,25;15,86;4,18;1,34;0;45,69;51,32;1,65;1%;15%;1,54%
ČSOB PS;csob_logo.png;Dynamicky;Dynamický ÚF;5,53;-11,24;26,94;6,51;22,4;-14,65;23,36;8,41;2,85;0;0;95,07;2,08;1%;15%;1,90%
ČSOB PS;csob_logo.png;Konzervativni;Garantovaný ÚF;-1,41;-1,23;1,4;1,14;-4,45;1,23;7,33;0,57;2,95;0;97,02;0;0,03;1%;15%;1,15%
ČSOB PS;csob_logo.png;Vyvazeny;Pro penzi ÚF;;;;;8,59;4,49;8,59;7,22;2,77;0;72,84;22,35;2,04;1%;15%;1,54%
ČSOB PS;csob_logo.png;Dynamicky;Dynamický zodpovědný ÚF;;;;;;;17,71;17,71;13,74;0;0;84,42;1,84;1%;15%;1,90%
ČSOB PS;csob_logo.png;Transformovany;Transformovaný fond;0,63;0,76;1;0,7;0,4;0,46;1,1;0,72;11,27;85,7;2,71;0;0,32;0,80%;10%;0,92%
NN PS;nn_logo.png;Konzervativni;PKF;-1,93;-0,07;1,26;1,36;-3,76;2,25;8,02;1,02;0,52;99,09;0,36;0;0,03;0,40%;10%;0,50%
NN PS;nn_logo.png;Dynamicky;Růstový ÚF;14,04;-9,22;17,58;-2,2;21,65;-16,45;31,09;8,07;3,25;0;0;96,16;0,59;1%;15%;1,90%
NN PS;nn_logo.png;Vyvazeny;Vyvážený ÚF;-0,99;-4,42;9,12;2,79;2,5;-7,25;14,61;2,34;3,21;47,94;2,27;46,39;0,19;1%;15%;1,54%
NN PS;nn_logo.png;Transformovany;Transformovaný fond;0,69;0,61;0,95;0,71;0,33;1,07;0,28;0,66;0,56;97,31;1,5;0;0,63;0,80%;10%;0,92%
KB PS;kb_logo.png;Konzervativni;PKF;-1,57;-0,83;1,49;0,77;-2,57;0,96;8,16;0,92;22,99;0;77,01;0;0;0,40%;10%;0,50%
KB PS;kb_logo.png;Vyvazeny;Vyvážený ÚF;2,9;-6,41;10,08;2,51;3,67;-8,29;14,33;2,68;21,9;0;33,08;43,72;1,3;1%;15%;1,54%
KB PS;kb_logo.png;Dynamicky;(Dynamický) Akciový ÚF;7,51;-9,51;16,42;3,42;12,91;-11,26;16,7;5,17;11,55;0;0;87,3;1,15;1%;15%;1,90%
KB PS;kb_logo.png;Vyvazeny;(Spořicí) Dluhopisový ÚF;-1,39;-2,65;2,54;0,91;-4,71;-3,15;10,63;0,31;18,59;0;81,34;0;0,07;1%;15%;1,54%
KB PS;kb_logo.png;Konzervativni;Peněžní ÚF;;;;0,25;0,73;5,3;6,35;3,16;100;0;0;0;0;0,40%;10%;0,50%
KB PS;kb_logo.png;Transformovany;Transformovaný fond;0,49;0,51;0,6;0,36;0,43;1,53;2,11;0,86;26,32;71,55;0,67;0;1,46;0,80%;10%;0,92%
Generali PS;generali_logo.png;Konzervativni;PKF;-0,3;-0,34;1,44;0,53;-3,44;1,93;8,19;1,14;47,99;50,63;1,33;0;0,05;0,40%;10%;0,50%
Generali PS;generali_logo.png;Vyvazeny;Spořicí;0;-1,35;3,45;0,86;-3,53;-4,5;9,82;0,68;7,03;58,25;30,16;3,86;0,7;1%;15%;1,54%
Generali PS;generali_logo.png;Vyvazeny;Vyvážený ÚF;4,1;-4,85;10,5;3,13;5,49;-8,37;14,29;3,47;6,66;26,7;21,38;43,81;1,45;1%;15%;1,54%
Generali PS;generali_logo.png;Dynamicky;Dynamický ÚF;8,2;-9,13;17,91;5,38;13,07;-11,32;21,41;6,5;4,89;0;2,22;92,55;0,34;1%;15%;1,90%
Generali PS;generali_logo.png;Transformovany;Transformovaný fond;0,84;1,1;1,75;1,31;0,24;1,59;2,94;1,4;13,64;77,3;7,81;0;1,25;0,80%;10%;0,92%
Rentea PS;rentea_logo.png;Konzervativni;PKF;;;;;-0,63;3,51;8,1;3,66;34,94;63,95;0,95;0;0,16;0,40%;10%;0,50%
Rentea PS;rentea_logo.png;Vyvazeny;Dluhopisový ÚF;;;;;0,19;3,15;10,8;4,71;34,56;31,66;23,04;0;10,74;1%;15%;1,54%
Rentea PS;rentea_logo.png;Dynamicky;Akciový ÚF;;;;;6,79;-5,15;17,4;6,35;19,68;3,75;11,77;63,61;1,19;1%;15%;1,90%
